type,node_i,node_j,a,b,c
line,4,3,0.260331,0.495868,0.025864
line,1,4,0.173554,0.330579,0.017243
line,2,2,0.000000,-20.000000,0.000000
line,3,1,0.130165,0.247934,0.012932
tran,1,2,0.000000,0.166667,1.128205
gene,4,0,0.0,0.0,1.05
gene,3,-1,0.2,0.0,1.05
load,2,,0.5,0.3,
load,4,,0.15,0.1,