type,node_i,node_j,a,b,c
line,3,2,0.260331,0.495868,0.025864
line,0,3,0.173554,0.330579,0.017243
line,1,1,0,-20,0
line,2,0,0.130165,0.247934,0.012932
tran,0,1,0,0.166667,1.128205
gene,3,-1,0,0,1.05
gene,2,-2,0.2,0,1.05
load,1,,0.5,0.3,
load,3,,0.15,0.1,
